{"[90.36478, 57.504780000000004, 22]": 0, "[90.36478, -0.00021999999999877673, 22]": 1, "[156.08478000000002, -0.00021999999999877673, 22]": 1, "[156.08478000000002, 57.504780000000004, 22]": 1}